id_executor,cd_area_politica_publica_tipo_pt,area_politica_publica_tipo_pt,cd_area_politica_publica_pt,area_politica_publica_pt,id_plano_acao,uf_beneficiario_plano_acao
26861,15,Urbanismo,451,Infraestrutura Urbana ,,
26861,15,Urbanismo,452,Serviços Urbanos,,
29997,8,Assistência Social,244,Assistência Comunitária,31302.0,
4,15,Urbanismo,451,Infraestrutura Urbana ,,
5,20,Agricultura,606,Extensão Rural,,
20317,15,Urbanismo,453,Transportes Coletivos Urbanos,,
7,15,Urbanismo,451,Infraestrutura Urbana ,,
8,15,Urbanismo,451,Infraestrutura Urbana ,,
9,27,Desporto e Lazer,812,Desporto Comunitário,,
10,12,Educação,365,Educação Infantil,,
10,15,Urbanismo,451,Infraestrutura Urbana ,,
10,27,Desporto e Lazer,811,Desporto de Rendimento,,
10,27,Desporto e Lazer,812,Desporto Comunitário,,
10,27,Desporto e Lazer,813,Lazer,,
11,27,Desporto e Lazer,812,Desporto Comunitário,,
12,27,Desporto e Lazer,811,Desporto de Rendimento,,
13,15,Urbanismo,451,Infraestrutura Urbana ,,
14,10,Saúde,301,Atenção Básica,,
15,15,Urbanismo,451,Infraestrutura Urbana ,,
30353,27,Desporto e Lazer,812,Desporto Comunitário,,
27527,15,Urbanismo,452,Serviços Urbanos,,
27529,27,Desporto e Lazer,812,Desporto Comunitário,,
27529,27,Desporto e Lazer,813,Lazer,,
20322,10,Saúde,302,Assistência Hospitalar e Ambulatorial,,
27532,15,Urbanismo,451,Infraestrutura Urbana ,,
17,15,Urbanismo,451,Infraestrutura Urbana ,,
27532,15,Urbanismo,452,Serviços Urbanos,,
27539,27,Desporto e Lazer,812,Desporto Comunitário,,
28227,15,Urbanismo,451,Infraestrutura Urbana ,,
24001,15,Urbanismo,451,Infraestrutura Urbana ,,
18,26,Transporte,782,Transporte Rodoviário,,
19,8,Assistência Social,244,Assistência Comunitária,,
20,20,Agricultura,608,Promoção da Produção Agropecuária,,
21,27,Desporto e Lazer,813,Lazer,,
22,20,Agricultura,608,Promoção da Produção Agropecuária,,
23,15,Urbanismo,451,Infraestrutura Urbana ,,
24,15,Urbanismo,451,Infraestrutura Urbana ,,
25,13,Cultura,392,Difusão Cultural,,
25,23,Comércio e Serviços,691,Promoção Comercial,,
25,23,Comércio e Serviços,695,Turismo,,
28762,12,Educação,361,Ensino Fundamental,36786.0,
26,27,Desporto e Lazer,812,Desporto Comunitário,,
28497,12,Educação,361,Ensino Fundamental,,
27,18,Gestão Ambiental,541,Preservação e Conservação Ambiental,,
28511,15,Urbanismo,451,Infraestrutura Urbana ,15742.0,
28,12,Educação,361,Ensino Fundamental,,
29,15,Urbanismo,451,Infraestrutura Urbana ,,
30,15,Urbanismo,451,Infraestrutura Urbana ,,
30,18,Gestão Ambiental,541,Preservação e Conservação Ambiental,,
30,27,Desporto e Lazer,813,Lazer,,
31,15,Urbanismo,451,Infraestrutura Urbana ,,
32,15,Urbanismo,451,Infraestrutura Urbana ,,
33,15,Urbanismo,451,Infraestrutura Urbana ,,
34,15,Urbanismo,451,Infraestrutura Urbana ,,
27550,15,Urbanismo,451,Infraestrutura Urbana ,,
27551,10,Saúde,301,Atenção Básica,,
3681,26,Transporte,782,Transporte Rodoviário,,
36,15,Urbanismo,451,Infraestrutura Urbana ,,
37,15,Urbanismo,451,Infraestrutura Urbana ,,
37,15,Urbanismo,452,Serviços Urbanos,,
37,15,Urbanismo,453,Transportes Coletivos Urbanos,,
31830,15,Urbanismo,451,Infraestrutura Urbana ,,
38,6,Segurança Pública,182,Defesa Civil,,
9429,8,Assistência Social,241,Assistência ao Idoso,,
1061,15,Urbanismo,451,Infraestrutura Urbana ,,
32579,15,Urbanismo,451,Infraestrutura Urbana ,,
39,15,Urbanismo,451,Infraestrutura Urbana ,,
40,15,Urbanismo,451,Infraestrutura Urbana ,,
33288,15,Urbanismo,451,Infraestrutura Urbana ,,
41,6,Segurança Pública,182,Defesa Civil,,
23695,20,Agricultura,608,Promoção da Produção Agropecuária,,
19700,13,Cultura,392,Difusão Cultural,,
42,15,Urbanismo,451,Infraestrutura Urbana ,,
43,15,Urbanismo,451,Infraestrutura Urbana ,,
858,13,Cultura,392,Difusão Cultural,,
44,15,Urbanismo,451,Infraestrutura Urbana ,,
45,15,Urbanismo,451,Infraestrutura Urbana ,,
46,15,Urbanismo,451,Infraestrutura Urbana ,,
47,15,Urbanismo,451,Infraestrutura Urbana ,,
48,12,Educação,361,Ensino Fundamental,,
20811,8,Assistência Social,244,Assistência Comunitária,,
50,15,Urbanismo,451,Infraestrutura Urbana ,,
51,20,Agricultura,608,Promoção da Produção Agropecuária,,
52,15,Urbanismo,451,Infraestrutura Urbana ,,
53,13,Cultura,392,Difusão Cultural,,
53,15,Urbanismo,451,Infraestrutura Urbana ,,
53,27,Desporto e Lazer,813,Lazer,,
28512,27,Desporto e Lazer,812,Desporto Comunitário,,
54,15,Urbanismo,451,Infraestrutura Urbana ,,
11515,15,Urbanismo,452,Serviços Urbanos,,
2601,15,Urbanismo,451,Infraestrutura Urbana ,,
27524,15,Urbanismo,451,Infraestrutura Urbana ,,
17309,10,Saúde,301,Atenção Básica,,
2117,15,Urbanismo,451,Infraestrutura Urbana ,,
8387,27,Desporto e Lazer,813,Lazer,,
23311,15,Urbanismo,451,Infraestrutura Urbana ,,
29195,25,Energia,753,Combustíveis Minerais,,
11336,26,Transporte,782,Transporte Rodoviário,,
28229,11,Trabalho,334,Fomento ao Trabalho,,
29195,26,Transporte,782,Transporte Rodoviário,,
29195,26,Transporte,785,Transportes Especiais,,
24246,15,Urbanismo,451,Infraestrutura Urbana ,,
29997,10,Saúde,302,Assistência Hospitalar e Ambulatorial,31302.0,
29573,15,Urbanismo,451,Infraestrutura Urbana ,,
29574,26,Transporte,782,Transporte Rodoviário,,
29581,15,Urbanismo,452,Serviços Urbanos,,
29582,12,Educação,361,Ensino Fundamental,,
15485,20,Agricultura,608,Promoção da Produção Agropecuária,,
29583,13,Cultura,392,Difusão Cultural,,
29585,26,Transporte,785,Transportes Especiais,,
15556,10,Saúde,304,Vigilância Sanitária,,
29587,10,Saúde,301,Atenção Básica,,
15543,10,Saúde,304,Vigilância Sanitária,,
21541,8,Assistência Social,244,Assistência Comunitária,,
17373,13,Cultura,391,"Patrimônio Histórico, Artístico e Arqueológico",,
29588,26,Transporte,785,Transportes Especiais,,
29589,15,Urbanismo,451,Infraestrutura Urbana ,,
5459,20,Agricultura,608,Promoção da Produção Agropecuária,,
29591,8,Assistência Social,244,Assistência Comunitária,,
21301,15,Urbanismo,451,Infraestrutura Urbana ,,
32580,8,Assistência Social,244,Assistência Comunitária,,
29592,27,Desporto e Lazer,812,Desporto Comunitário,,
29593,15,Urbanismo,451,Infraestrutura Urbana ,,
29594,15,Urbanismo,451,Infraestrutura Urbana ,,
29595,10,Saúde,302,Assistência Hospitalar e Ambulatorial,,
20556,17,Saneamento,512,Saneamento Básico Urbano,,
29596,15,Urbanismo,451,Infraestrutura Urbana ,,
29597,15,Urbanismo,451,Infraestrutura Urbana ,,
29997,12,Educação,361,Ensino Fundamental,31302.0,
29997,12,Educação,365,Educação Infantil,31302.0,
29598,27,Desporto e Lazer,813,Lazer,,
29599,13,Cultura,392,Difusão Cultural,,
29600,15,Urbanismo,451,Infraestrutura Urbana ,,
29997,15,Urbanismo,452,Serviços Urbanos,31302.0,
29601,15,Urbanismo,451,Infraestrutura Urbana ,,
29602,15,Urbanismo,451,Infraestrutura Urbana ,,
29997,18,Gestão Ambiental,544,Recursos Hídricos,31302.0,
21840,23,Comércio e Serviços,695,Turismo,,
1934,15,Urbanismo,451,Infraestrutura Urbana ,,
29603,27,Desporto e Lazer,813,Lazer,,
29604,15,Urbanismo,451,Infraestrutura Urbana ,,
29605,15,Urbanismo,451,Infraestrutura Urbana ,,
29606,15,Urbanismo,451,Infraestrutura Urbana ,,
29607,20,Agricultura,608,Promoção da Produção Agropecuária,,
9309,15,Urbanismo,451,Infraestrutura Urbana ,,
9309,20,Agricultura,608,Promoção da Produção Agropecuária,,
26050,8,Assistência Social,243,Assistência à Criança e ao Adolescente,,
29608,15,Urbanismo,451,Infraestrutura Urbana ,,
29609,18,Gestão Ambiental,542,Controle Ambiental,,
29610,10,Saúde,301,Atenção Básica,,
8122,23,Comércio e Serviços,695,Turismo,,
8122,27,Desporto e Lazer,813,Lazer,,
29611,15,Urbanismo,451,Infraestrutura Urbana ,,
30962,18,Gestão Ambiental,542,Controle Ambiental,,
30962,20,Agricultura,605,Abastecimento,,
29614,15,Urbanismo,451,Infraestrutura Urbana ,,
12014,20,Agricultura,608,Promoção da Produção Agropecuária,,
29615,15,Urbanismo,451,Infraestrutura Urbana ,,
18711,20,Agricultura,605,Abastecimento,,
6385,15,Urbanismo,451,Infraestrutura Urbana ,,
29616,18,Gestão Ambiental,541,Preservação e Conservação Ambiental,,
29617,8,Assistência Social,244,Assistência Comunitária,,
29617,14,Direitos da Cidadania,422,"Direitos Individuais, Coletivos e Difusos",,
29618,13,Cultura,392,Difusão Cultural,,
6387,15,Urbanismo,451,Infraestrutura Urbana ,,
29619,8,Assistência Social,244,Assistência Comunitária,,
29620,8,Assistência Social,244,Assistência Comunitária,,
29621,20,Agricultura,608,Promoção da Produção Agropecuária,,
29622,16,Habitação,482,Habitação Urbana,,
27882,20,Agricultura,608,Promoção da Produção Agropecuária,,
29623,15,Urbanismo,451,Infraestrutura Urbana ,,
29624,10,Saúde,301,Atenção Básica,,
29625,20,Agricultura,608,Promoção da Produção Agropecuária,,
29626,27,Desporto e Lazer,812,Desporto Comunitário,,
12872,20,Agricultura,608,Promoção da Produção Agropecuária,,
56,10,Saúde,301,Atenção Básica,,
56,10,Saúde,302,Assistência Hospitalar e Ambulatorial,,
56,10,Saúde,303,Suporte Profilático e Terapêutico,,
56,10,Saúde,304,Vigilância Sanitária,,
56,10,Saúde,305,Vigilância Epidemiológica,,
56,10,Saúde,306,Alimentação e Nutrição,,
57,15,Urbanismo,451,Infraestrutura Urbana ,,
58,10,Saúde,301,Atenção Básica,,
59,12,Educação,365,Educação Infantil,,
59,23,Comércio e Serviços,695,Turismo,,
60,10,Saúde,301,Atenção Básica,,
61,20,Agricultura,606,Extensão Rural,68283.0,
62,15,Urbanismo,451,Infraestrutura Urbana ,,
63,15,Urbanismo,451,Infraestrutura Urbana ,,
64,12,Educação,361,Ensino Fundamental,,
64,12,Educação,362,Ensino Médio,,
64,12,Educação,365,Educação Infantil,,
64,12,Educação,368,Educação Básica,,
65,10,Saúde,301,Atenção Básica,,
66,15,Urbanismo,451,Infraestrutura Urbana ,,
27525,15,Urbanismo,451,Infraestrutura Urbana ,,
27533,10,Saúde,302,Assistência Hospitalar e Ambulatorial,,
27534,15,Urbanismo,451,Infraestrutura Urbana ,,
68,15,Urbanismo,452,Serviços Urbanos,,
69,15,Urbanismo,451,Infraestrutura Urbana ,10847.0,
70,12,Educação,361,Ensino Fundamental,,
27547,23,Comércio e Serviços,695,Turismo,,
70,15,Urbanismo,451,Infraestrutura Urbana ,,
28228,15,Urbanismo,451,Infraestrutura Urbana ,,
28230,12,Educação,368,Educação Básica,,
70,27,Desporto e Lazer,813,Lazer,,
71,26,Transporte,782,Transporte Rodoviário,,
72,13,Cultura,392,Difusão Cultural,,
73,20,Agricultura,606,Extensão Rural,,
74,27,Desporto e Lazer,812,Desporto Comunitário,,
75,15,Urbanismo,451,Infraestrutura Urbana ,,
76,12,Educação,367,Educação Especial,,
78,15,Urbanismo,451,Infraestrutura Urbana ,,
79,10,Saúde,301,Atenção Básica,,
80,15,Urbanismo,451,Infraestrutura Urbana ,,
81,12,Educação,361,Ensino Fundamental,,
81,15,Urbanismo,451,Infraestrutura Urbana ,,
81,20,Agricultura,608,Promoção da Produção Agropecuária,,
81,23,Comércio e Serviços,695,Turismo,,
82,20,Agricultura,608,Promoção da Produção Agropecuária,,
83,15,Urbanismo,451,Infraestrutura Urbana ,,
84,8,Assistência Social,241,Assistência ao Idoso,,
85,12,Educação,361,Ensino Fundamental,,
86,6,Segurança Pública,181,Policiamento,,
87,15,Urbanismo,451,Infraestrutura Urbana ,,
30354,27,Desporto e Lazer,812,Desporto Comunitário,,
88,10,Saúde,302,Assistência Hospitalar e Ambulatorial,,
16951,20,Agricultura,608,Promoção da Produção Agropecuária,,
15048,27,Desporto e Lazer,812,Desporto Comunitário,,
28511,12,Educação,365,Educação Infantil,15742.0,
30962,20,Agricultura,606,Extensão Rural,,
89,6,Segurança Pública,181,Policiamento,,
29000,15,Urbanismo,451,Infraestrutura Urbana ,,
28509,20,Agricultura,605,Abastecimento,,
90,15,Urbanismo,451,Infraestrutura Urbana ,74382.0,
91,6,Segurança Pública,181,Policiamento,,
3358,15,Urbanismo,452,Serviços Urbanos,,
28518,10,Saúde,301,Atenção Básica,,
29001,15,Urbanismo,452,Serviços Urbanos,,
92,27,Desporto e Lazer,813,Lazer,,
28518,15,Urbanismo,451,Infraestrutura Urbana ,,
20837,8,Assistência Social,241,Assistência ao Idoso,,
11337,26,Transporte,782,Transporte Rodoviário,,
28519,15,Urbanismo,451,Infraestrutura Urbana ,,
28520,15,Urbanismo,451,Infraestrutura Urbana ,,
28521,15,Urbanismo,451,Infraestrutura Urbana ,,
6499,15,Urbanismo,451,Infraestrutura Urbana ,,
26020,8,Assistência Social,244,Assistência Comunitária,,
20594,14,Direitos da Cidadania,421,Custódia e Reintegração Social,,
1420,13,Cultura,392,Difusão Cultural,,
1420,20,Agricultura,605,Abastecimento,,
28525,10,Saúde,301,Atenção Básica,,
28525,15,Urbanismo,451,Infraestrutura Urbana ,,
4255,20,Agricultura,606,Extensão Rural,,
28657,20,Agricultura,606,Extensão Rural,,
28514,20,Agricultura,608,Promoção da Produção Agropecuária,,
18436,15,Urbanismo,452,Serviços Urbanos,,
28515,10,Saúde,302,Assistência Hospitalar e Ambulatorial,,
28517,15,Urbanismo,451,Infraestrutura Urbana ,,
18825,12,Educação,361,Ensino Fundamental,,
16537,12,Educação,366,Educação de Jovens e Adultos,,
25963,20,Agricultura,606,Extensão Rural,,
12575,15,Urbanismo,451,Infraestrutura Urbana ,,
28523,15,Urbanismo,451,Infraestrutura Urbana ,,
28524,20,Agricultura,606,Extensão Rural,,
28526,14,Direitos da Cidadania,422,"Direitos Individuais, Coletivos e Difusos",,
28526,15,Urbanismo,451,Infraestrutura Urbana ,,
25905,26,Transporte,782,Transporte Rodoviário,,
29002,15,Urbanismo,452,Serviços Urbanos,,
29003,15,Urbanismo,451,Infraestrutura Urbana ,,
93,15,Urbanismo,451,Infraestrutura Urbana ,,
29196,15,Urbanismo,451,Infraestrutura Urbana ,,
3932,15,Urbanismo,451,Infraestrutura Urbana ,,
15186,20,Agricultura,608,Promoção da Produção Agropecuária,,
32581,15,Urbanismo,451,Infraestrutura Urbana ,,
29584,15,Urbanismo,451,Infraestrutura Urbana ,,
29584,27,Desporto e Lazer,813,Lazer,,
29586,14,Direitos da Cidadania,422,"Direitos Individuais, Coletivos e Difusos",,
16675,8,Assistência Social,244,Assistência Comunitária,,
16675,15,Urbanismo,451,Infraestrutura Urbana ,,
29590,15,Urbanismo,451,Infraestrutura Urbana ,,
18379,8,Assistência Social,243,Assistência à Criança e ao Adolescente,,
30963,12,Educação,361,Ensino Fundamental,,
21844,23,Comércio e Serviços,695,Turismo,,
19733,8,Assistência Social,243,Assistência à Criança e ao Adolescente,,
29627,20,Agricultura,605,Abastecimento,,
29628,15,Urbanismo,451,Infraestrutura Urbana ,,
29628,15,Urbanismo,452,Serviços Urbanos,,
29628,17,Saneamento,512,Saneamento Básico Urbano,,
33289,15,Urbanismo,451,Infraestrutura Urbana ,,
27880,10,Saúde,301,Atenção Básica,,
29630,10,Saúde,301,Atenção Básica,,
29631,15,Urbanismo,451,Infraestrutura Urbana ,,
27883,10,Saúde,301,Atenção Básica,,
29632,15,Urbanismo,451,Infraestrutura Urbana ,,
29633,15,Urbanismo,451,Infraestrutura Urbana ,,
29634,15,Urbanismo,451,Infraestrutura Urbana ,,
29635,15,Urbanismo,451,Infraestrutura Urbana ,,
29636,15,Urbanismo,451,Infraestrutura Urbana ,,
29567,20,Agricultura,608,Promoção da Produção Agropecuária,,
29637,20,Agricultura,608,Promoção da Produção Agropecuária,,
29638,20,Agricultura,608,Promoção da Produção Agropecuária,,
29562,20,Agricultura,608,Promoção da Produção Agropecuária,,
29639,12,Educação,361,Ensino Fundamental,,
13138,27,Desporto e Lazer,812,Desporto Comunitário,,
5849,18,Gestão Ambiental,541,Preservação e Conservação Ambiental,,
29640,15,Urbanismo,451,Infraestrutura Urbana ,,
29641,15,Urbanismo,451,Infraestrutura Urbana ,,
29997,20,Agricultura,606,Extensão Rural,31302.0,
29642,13,Cultura,391,"Patrimônio Histórico, Artístico e Arqueológico",,
30355,26,Transporte,782,Transporte Rodoviário,,
25722,6,Segurança Pública,181,Policiamento,,
29643,15,Urbanismo,451,Infraestrutura Urbana ,,
29644,15,Urbanismo,451,Infraestrutura Urbana ,,
94,27,Desporto e Lazer,812,Desporto Comunitário,,
95,6,Segurança Pública,181,Policiamento,,
95,6,Segurança Pública,182,Defesa Civil,,
95,20,Agricultura,608,Promoção da Produção Agropecuária,,
96,6,Segurança Pública,181,Policiamento,,
96,6,Segurança Pública,182,Defesa Civil,,
96,20,Agricultura,608,Promoção da Produção Agropecuária,,
97,6,Segurança Pública,181,Policiamento,,
97,6,Segurança Pública,182,Defesa Civil,,
97,20,Agricultura,608,Promoção da Produção Agropecuária,,
98,6,Segurança Pública,181,Policiamento,,
99,6,Segurança Pública,181,Policiamento,,
29645,8,Assistência Social,244,Assistência Comunitária,,
29646,20,Agricultura,608,Promoção da Produção Agropecuária,,
29647,15,Urbanismo,451,Infraestrutura Urbana ,,
9156,20,Agricultura,606,Extensão Rural,,
26459,26,Transporte,782,Transporte Rodoviário,,
101,15,Urbanismo,451,Infraestrutura Urbana ,,
2893,15,Urbanismo,451,Infraestrutura Urbana ,,
103,15,Urbanismo,451,Infraestrutura Urbana ,,
103,15,Urbanismo,452,Serviços Urbanos,,
104,6,Segurança Pública,181,Policiamento,,
104,6,Segurança Pública,182,Defesa Civil,,
104,18,Gestão Ambiental,544,Recursos Hídricos,,
105,6,Segurança Pública,181,Policiamento,,
105,6,Segurança Pública,182,Defesa Civil,,
105,18,Gestão Ambiental,544,Recursos Hídricos,,
106,6,Segurança Pública,181,Policiamento,,
106,6,Segurança Pública,182,Defesa Civil,,
106,18,Gestão Ambiental,544,Recursos Hídricos,,
26950,15,Urbanismo,452,Serviços Urbanos,,
26862,15,Urbanismo,451,Infraestrutura Urbana ,,
27526,15,Urbanismo,451,Infraestrutura Urbana ,,
27531,15,Urbanismo,451,Infraestrutura Urbana ,,
27537,20,Agricultura,606,Extensão Rural,,
27542,27,Desporto e Lazer,812,Desporto Comunitário,,
28231,17,Saneamento,511,Saneamento Básico Rural,,
28231,26,Transporte,782,Transporte Rodoviário,,
28232,26,Transporte,782,Transporte Rodoviário,,
16732,14,Direitos da Cidadania,423,Assistência aos Povos Indígenas,,
25908,20,Agricultura,606,Extensão Rural,,
28527,26,Transporte,782,Transporte Rodoviário,,
25903,26,Transporte,782,Transporte Rodoviário,,
29004,27,Desporto e Lazer,812,Desporto Comunitário,30995.0,
29197,15,Urbanismo,451,Infraestrutura Urbana ,10792.0,
29439,6,Segurança Pública,181,Policiamento,,
17228,20,Agricultura,608,Promoção da Produção Agropecuária,,
29577,12,Educação,362,Ensino Médio,,
29578,15,Urbanismo,451,Infraestrutura Urbana ,,
29580,16,Habitação,482,Habitação Urbana,,
17079,20,Agricultura,608,Promoção da Produção Agropecuária,,
29648,15,Urbanismo,451,Infraestrutura Urbana ,,
29649,15,Urbanismo,451,Infraestrutura Urbana ,,
220,15,Urbanismo,452,Serviços Urbanos,,
29650,15,Urbanismo,453,Transportes Coletivos Urbanos,,
27156,15,Urbanismo,451,Infraestrutura Urbana ,,
4884,15,Urbanismo,451,Infraestrutura Urbana ,,
29651,15,Urbanismo,451,Infraestrutura Urbana ,,
10837,12,Educação,368,Educação Básica,,
8304,20,Agricultura,609,Defesa Agropecuária,,
8641,15,Urbanismo,451,Infraestrutura Urbana ,,
29653,10,Saúde,301,Atenção Básica,,
32582,15,Urbanismo,451,Infraestrutura Urbana ,,
29654,15,Urbanismo,451,Infraestrutura Urbana ,,
15170,20,Agricultura,606,Extensão Rural,,
16041,27,Desporto e Lazer,813,Lazer,,
8969,10,Saúde,301,Atenção Básica,,
29655,15,Urbanismo,451,Infraestrutura Urbana ,,
10111,15,Urbanismo,453,Transportes Coletivos Urbanos,,
29656,26,Transporte,782,Transporte Rodoviário,,
29657,26,Transporte,782,Transporte Rodoviário,,
29658,12,Educação,365,Educação Infantil,,
29658,15,Urbanismo,451,Infraestrutura Urbana ,,
29658,27,Desporto e Lazer,813,Lazer,,
29659,10,Saúde,301,Atenção Básica,,
29660,15,Urbanismo,451,Infraestrutura Urbana ,,
29662,18,Gestão Ambiental,541,Preservação e Conservação Ambiental,,
21294,20,Agricultura,605,Abastecimento,,
30963,25,Energia,753,Combustíveis Minerais,,
32584,17,Saneamento,512,Saneamento Básico Urbano,,
5693,12,Educação,366,Educação de Jovens e Adultos,,
23685,27,Desporto e Lazer,812,Desporto Comunitário,,
5736,12,Educação,366,Educação de Jovens e Adultos,,
29665,20,Agricultura,608,Promoção da Produção Agropecuária,,
29998,20,Agricultura,608,Promoção da Produção Agropecuária,64855.0,
19748,15,Urbanismo,451,Infraestrutura Urbana ,,
29669,15,Urbanismo,451,Infraestrutura Urbana ,,
27156,25,Energia,752,Energia Elétrica,,
30001,15,Urbanismo,451,Infraestrutura Urbana ,31504.0,
29670,10,Saúde,302,Assistência Hospitalar e Ambulatorial,,
4699,20,Agricultura,609,Defesa Agropecuária,,
1049,12,Educação,366,Educação de Jovens e Adultos,,
16532,12,Educação,366,Educação de Jovens e Adultos,,
29672,15,Urbanismo,451,Infraestrutura Urbana ,,
5942,20,Agricultura,608,Promoção da Produção Agropecuária,,
4341,20,Agricultura,606,Extensão Rural,,
5944,20,Agricultura,608,Promoção da Produção Agropecuária,,
29673,15,Urbanismo,451,Infraestrutura Urbana ,,
29674,15,Urbanismo,451,Infraestrutura Urbana ,,
30001,18,Gestão Ambiental,544,Recursos Hídricos,31504.0,
30001,26,Transporte,782,Transporte Rodoviário,31504.0,
30002,8,Assistência Social,244,Assistência Comunitária,34113.0,
29675,8,Assistência Social,244,Assistência Comunitária,,
14794,12,Educação,361,Ensino Fundamental,,
4032,15,Urbanismo,451,Infraestrutura Urbana ,,
29676,15,Urbanismo,452,Serviços Urbanos,,
29677,15,Urbanismo,451,Infraestrutura Urbana ,,
11510,27,Desporto e Lazer,813,Lazer,,
29678,10,Saúde,301,Atenção Básica,,
29678,10,Saúde,302,Assistência Hospitalar e Ambulatorial,,
29678,10,Saúde,303,Suporte Profilático e Terapêutico,,
29678,10,Saúde,304,Vigilância Sanitária,,
29678,10,Saúde,305,Vigilância Epidemiológica,,
29679,15,Urbanismo,451,Infraestrutura Urbana ,,
4032,23,Comércio e Serviços,695,Turismo,,
4771,26,Transporte,782,Transporte Rodoviário,,
109,20,Agricultura,608,Promoção da Produção Agropecuária,,
109,26,Transporte,782,Transporte Rodoviário,,
110,15,Urbanismo,451,Infraestrutura Urbana ,,
110,15,Urbanismo,452,Serviços Urbanos,,
111,22,Indústria,661,Promoção Industrial,,
1519,15,Urbanismo,452,Serviços Urbanos,,
112,10,Saúde,304,Vigilância Sanitária,,
28233,15,Urbanismo,451,Infraestrutura Urbana ,,
28528,17,Saneamento,511,Saneamento Básico Rural,,
113,10,Saúde,301,Atenção Básica,72845.0,
113,10,Saúde,302,Assistência Hospitalar e Ambulatorial,72845.0,
113,10,Saúde,303,Suporte Profilático e Terapêutico,72845.0,
114,15,Urbanismo,451,Infraestrutura Urbana ,,
115,15,Urbanismo,451,Infraestrutura Urbana ,,
27157,15,Urbanismo,451,Infraestrutura Urbana ,,
116,15,Urbanismo,451,Infraestrutura Urbana ,,
27528,15,Urbanismo,451,Infraestrutura Urbana ,,
27530,15,Urbanismo,451,Infraestrutura Urbana ,,
117,12,Educação,361,Ensino Fundamental,,
32583,15,Urbanismo,451,Infraestrutura Urbana ,,
119,15,Urbanismo,451,Infraestrutura Urbana ,,
120,12,Educação,361,Ensino Fundamental,,
27535,27,Desporto e Lazer,813,Lazer,,
27541,15,Urbanismo,451,Infraestrutura Urbana ,,
27548,15,Urbanismo,451,Infraestrutura Urbana ,,
121,16,Habitação,482,Habitação Urbana,,
122,20,Agricultura,606,Extensão Rural,,
10708,13,Cultura,392,Difusão Cultural,,
123,15,Urbanismo,451,Infraestrutura Urbana ,4273.0,
33290,15,Urbanismo,451,Infraestrutura Urbana ,,
125,20,Agricultura,608,Promoção da Produção Agropecuária,,
126,15,Urbanismo,451,Infraestrutura Urbana ,,
127,15,Urbanismo,451,Infraestrutura Urbana ,,
128,15,Urbanismo,451,Infraestrutura Urbana ,,
129,15,Urbanismo,451,Infraestrutura Urbana ,,
33292,15,Urbanismo,451,Infraestrutura Urbana ,,
131,15,Urbanismo,451,Infraestrutura Urbana ,,
33293,20,Agricultura,606,Extensão Rural,,
133,12,Educação,361,Ensino Fundamental,,
133,15,Urbanismo,451,Infraestrutura Urbana ,,
133,20,Agricultura,608,Promoção da Produção Agropecuária,,
133,23,Comércio e Serviços,695,Turismo,,
134,25,Energia,752,Energia Elétrica,,
135,20,Agricultura,608,Promoção da Produção Agropecuária,,
32585,15,Urbanismo,451,Infraestrutura Urbana ,,
8599,27,Desporto e Lazer,812,Desporto Comunitário,,
137,15,Urbanismo,451,Infraestrutura Urbana ,,
138,25,Energia,752,Energia Elétrica,,
139,15,Urbanismo,451,Infraestrutura Urbana ,,
140,20,Agricultura,608,Promoção da Produção Agropecuária,,
140,26,Transporte,782,Transporte Rodoviário,,
141,15,Urbanismo,451,Infraestrutura Urbana ,,
13903,15,Urbanismo,451,Infraestrutura Urbana ,,
143,15,Urbanismo,451,Infraestrutura Urbana ,,
144,15,Urbanismo,451,Infraestrutura Urbana ,,
145,15,Urbanismo,451,Infraestrutura Urbana ,,
146,20,Agricultura,608,Promoção da Produção Agropecuária,,
146,26,Transporte,782,Transporte Rodoviário,,
147,27,Desporto e Lazer,812,Desporto Comunitário,,
30356,15,Urbanismo,451,Infraestrutura Urbana ,,
148,18,Gestão Ambiental,541,Preservação e Conservação Ambiental,,
149,15,Urbanismo,451,Infraestrutura Urbana ,,
150,8,Assistência Social,244,Assistência Comunitária,,
151,15,Urbanismo,451,Infraestrutura Urbana ,,
152,10,Saúde,301,Atenção Básica,,
152,12,Educação,368,Educação Básica,,
152,13,Cultura,392,Difusão Cultural,,
152,20,Agricultura,605,Abastecimento,,
152,25,Energia,752,Energia Elétrica,,
153,19,Ciência e Tecnologia,572,Desenvolvimento Tecnológico e Engenharia,,
154,15,Urbanismo,451,Infraestrutura Urbana ,,
155,15,Urbanismo,451,Infraestrutura Urbana ,,
156,6,Segurança Pública,181,Policiamento,,
156,6,Segurança Pública,182,Defesa Civil,,
156,6,Segurança Pública,183,Informação e Inteligência,,
157,15,Urbanismo,452,Serviços Urbanos,,
158,15,Urbanismo,451,Infraestrutura Urbana ,,
335,13,Cultura,392,Difusão Cultural,,
159,15,Urbanismo,451,Infraestrutura Urbana ,,
160,15,Urbanismo,451,Infraestrutura Urbana ,,
161,15,Urbanismo,451,Infraestrutura Urbana ,,
162,15,Urbanismo,451,Infraestrutura Urbana ,,
163,15,Urbanismo,451,Infraestrutura Urbana ,,
26863,10,Saúde,302,Assistência Hospitalar e Ambulatorial,,
164,27,Desporto e Lazer,811,Desporto de Rendimento,,
33763,15,Urbanismo,452,Serviços Urbanos,,
29198,15,Urbanismo,451,Infraestrutura Urbana ,,
25920,15,Urbanismo,452,Serviços Urbanos,,
166,20,Agricultura,606,Extensão Rural,,
167,15,Urbanismo,451,Infraestrutura Urbana ,,
168,15,Urbanismo,451,Infraestrutura Urbana ,,
169,10,Saúde,301,Atenção Básica,,
170,15,Urbanismo,451,Infraestrutura Urbana ,,
171,27,Desporto e Lazer,812,Desporto Comunitário,,
172,15,Urbanismo,451,Infraestrutura Urbana ,,
11263,15,Urbanismo,451,Infraestrutura Urbana ,65770.0,
174,6,Segurança Pública,181,Policiamento,,
32586,15,Urbanismo,451,Infraestrutura Urbana ,,
176,15,Urbanismo,451,Infraestrutura Urbana ,,
177,15,Urbanismo,451,Infraestrutura Urbana ,,
29198,20,Agricultura,606,Extensão Rural,,
29440,15,Urbanismo,451,Infraestrutura Urbana ,,
29575,15,Urbanismo,451,Infraestrutura Urbana ,,
28763,15,Urbanismo,451,Infraestrutura Urbana ,10652.0,
179,27,Desporto e Lazer,812,Desporto Comunitário,,
28765,12,Educação,361,Ensino Fundamental,,
180,15,Urbanismo,451,Infraestrutura Urbana ,,
15468,20,Agricultura,608,Promoção da Produção Agropecuária,,
31785,15,Urbanismo,451,Infraestrutura Urbana ,,
181,6,Segurança Pública,183,Informação e Inteligência,34389.0,
182,15,Urbanismo,451,Infraestrutura Urbana ,,
183,10,Saúde,301,Atenção Básica,,
184,10,Saúde,301,Atenção Básica,,
26863,15,Urbanismo,451,Infraestrutura Urbana ,,
32588,8,Assistência Social,244,Assistência Comunitária,,
187,10,Saúde,303,Suporte Profilático e Terapêutico,,
187,13,Cultura,392,Difusão Cultural,,
188,23,Comércio e Serviços,695,Turismo,,
189,10,Saúde,303,Suporte Profilático e Terapêutico,,
189,13,Cultura,392,Difusão Cultural,,
28765,12,Educação,365,Educação Infantil,,
191,6,Segurança Pública,181,Policiamento,,
17379,13,Cultura,391,"Patrimônio Histórico, Artístico e Arqueológico",,
192,20,Agricultura,605,Abastecimento,,
192,20,Agricultura,606,Extensão Rural,,
192,20,Agricultura,607,Irrigação,,
192,20,Agricultura,608,Promoção da Produção Agropecuária,,
192,20,Agricultura,609,Defesa Agropecuária,,
193,6,Segurança Pública,181,Policiamento,,
27536,15,Urbanismo,451,Infraestrutura Urbana ,,
27540,15,Urbanismo,451,Infraestrutura Urbana ,,
193,12,Educação,361,Ensino Fundamental,,
27540,27,Desporto e Lazer,812,Desporto Comunitário,,
27545,10,Saúde,302,Assistência Hospitalar e Ambulatorial,,
28234,15,Urbanismo,451,Infraestrutura Urbana ,,
28235,15,Urbanismo,451,Infraestrutura Urbana ,,
28528,17,Saneamento,512,Saneamento Básico Urbano,,
92,27,Desporto e Lazer,812,Desporto Comunitário,,
193,12,Educação,368,Educação Básica,,
194,20,Agricultura,608,Promoção da Produção Agropecuária,,
195,15,Urbanismo,451,Infraestrutura Urbana ,,
196,15,Urbanismo,451,Infraestrutura Urbana ,,
27158,6,Segurança Pública,183,Informação e Inteligência,,
27164,15,Urbanismo,451,Infraestrutura Urbana ,,
197,12,Educação,368,Educação Básica,,
198,6,Segurança Pública,181,Policiamento,,
199,15,Urbanismo,451,Infraestrutura Urbana ,,
29652,15,Urbanismo,451,Infraestrutura Urbana ,,
16216,27,Desporto e Lazer,812,Desporto Comunitário,,
199,26,Transporte,782,Transporte Rodoviário,,
200,15,Urbanismo,451,Infraestrutura Urbana ,,
27166,25,Energia,752,Energia Elétrica,,
32588,10,Saúde,301,Atenção Básica,,
201,15,Urbanismo,451,Infraestrutura Urbana ,,
202,10,Saúde,302,Assistência Hospitalar e Ambulatorial,,
203,15,Urbanismo,451,Infraestrutura Urbana ,,
27168,15,Urbanismo,451,Infraestrutura Urbana ,,
204,15,Urbanismo,451,Infraestrutura Urbana ,,
33291,15,Urbanismo,451,Infraestrutura Urbana ,,
205,15,Urbanismo,451,Infraestrutura Urbana ,,
2538,19,Ciência e Tecnologia,573,Difusão do Conhecimento Científico e Tecnológico,,
7856,15,Urbanismo,451,Infraestrutura Urbana ,,
23347,6,Segurança Pública,183,Informação e Inteligência,,
206,25,Energia,752,Energia Elétrica,,
207,15,Urbanismo,451,Infraestrutura Urbana ,,
207,27,Desporto e Lazer,812,Desporto Comunitário,,
207,27,Desporto e Lazer,813,Lazer,,
208,15,Urbanismo,451,Infraestrutura Urbana ,,
209,27,Desporto e Lazer,812,Desporto Comunitário,,
210,15,Urbanismo,451,Infraestrutura Urbana ,,
23347,23,Comércio e Serviços,692,Comercialização,,
28766,15,Urbanismo,451,Infraestrutura Urbana ,,
211,25,Energia,752,Energia Elétrica,,
212,15,Urbanismo,451,Infraestrutura Urbana ,,
213,6,Segurança Pública,183,Informação e Inteligência,,
213,14,Direitos da Cidadania,422,"Direitos Individuais, Coletivos e Difusos",,
27159,27,Desporto e Lazer,812,Desporto Comunitário,,
26864,27,Desporto e Lazer,812,Desporto Comunitário,4034.0,PA
27163,10,Saúde,301,Atenção Básica,,
27538,15,Urbanismo,451,Infraestrutura Urbana ,,
16597,15,Urbanismo,452,Serviços Urbanos,,
13249,13,Cultura,392,Difusão Cultural,,
28241,15,Urbanismo,451,Infraestrutura Urbana ,,
28529,12,Educação,365,Educação Infantil,,
28529,15,Urbanismo,451,Infraestrutura Urbana ,,
3761,12,Educação,366,Educação de Jovens e Adultos,,
3761,15,Urbanismo,451,Infraestrutura Urbana ,,
13996,18,Gestão Ambiental,542,Controle Ambiental,,
10883,20,Agricultura,606,Extensão Rural,,
7539,15,Urbanismo,451,Infraestrutura Urbana ,,
29005,8,Assistência Social,242,Assistência ao Portador de Deficiência,36454.0,
28246,15,Urbanismo,451,Infraestrutura Urbana ,,
28247,15,Urbanismo,451,Infraestrutura Urbana ,,
28529,15,Urbanismo,452,Serviços Urbanos,,
28764,23,Comércio e Serviços,695,Turismo,,
28764,26,Transporte,782,Transporte Rodoviário,,
15411,10,Saúde,302,Assistência Hospitalar e Ambulatorial,,
7852,15,Urbanismo,451,Infraestrutura Urbana ,,
29006,15,Urbanismo,451,Infraestrutura Urbana ,19378.0,
29199,26,Transporte,782,Transporte Rodoviário,,
29441,15,Urbanismo,451,Infraestrutura Urbana ,,
16858,20,Agricultura,608,Promoção da Produção Agropecuária,,
2915,20,Agricultura,608,Promoção da Produção Agropecuária,,
13124,15,Urbanismo,451,Infraestrutura Urbana ,,
29579,15,Urbanismo,451,Infraestrutura Urbana ,,
29579,20,Agricultura,605,Abastecimento,,
30003,13,Cultura,392,Difusão Cultural,13506.0,
10170,27,Desporto e Lazer,812,Desporto Comunitário,,
9421,27,Desporto e Lazer,813,Lazer,,
29661,10,Saúde,302,Assistência Hospitalar e Ambulatorial,,
5707,12,Educação,366,Educação de Jovens e Adultos,,
29666,15,Urbanismo,451,Infraestrutura Urbana ,,
29666,26,Transporte,782,Transporte Rodoviário,,
1587,12,Educação,366,Educação de Jovens e Adultos,,
29671,10,Saúde,301,Atenção Básica,,
21711,10,Saúde,305,Vigilância Epidemiológica,,
5654,26,Transporte,782,Transporte Rodoviário,,
29680,26,Transporte,782,Transporte Rodoviário,,
9544,20,Agricultura,608,Promoção da Produção Agropecuária,,
26208,26,Transporte,785,Transportes Especiais,,
16847,20,Agricultura,608,Promoção da Produção Agropecuária,,
29681,10,Saúde,302,Assistência Hospitalar e Ambulatorial,,
2890,20,Agricultura,608,Promoção da Produção Agropecuária,,
25374,12,Educação,361,Ensino Fundamental,,
29683,26,Transporte,782,Transporte Rodoviário,,
18992,11,Trabalho,331,Proteção e Benefícios ao Trabalhador,,
1482,15,Urbanismo,451,Infraestrutura Urbana ,,
29686,10,Saúde,301,Atenção Básica,,
29687,26,Transporte,782,Transporte Rodoviário,,
29688,20,Agricultura,606,Extensão Rural,,
29689,15,Urbanismo,451,Infraestrutura Urbana ,,
12039,18,Gestão Ambiental,541,Preservação e Conservação Ambiental,,
12039,20,Agricultura,608,Promoção da Produção Agropecuária,,
19799,8,Assistência Social,244,Assistência Comunitária,,
5958,20,Agricultura,606,Extensão Rural,,
16140,11,Trabalho,334,Fomento ao Trabalho,,
2115,15,Urbanismo,451,Infraestrutura Urbana ,,
29693,15,Urbanismo,451,Infraestrutura Urbana ,,
29694,13,Cultura,392,Difusão Cultural,,
29695,13,Cultura,392,Difusão Cultural,,
2462,20,Agricultura,607,Irrigação,,
29696,20,Agricultura,605,Abastecimento,,
19807,20,Agricultura,608,Promoção da Produção Agropecuária,,
29697,15,Urbanismo,451,Infraestrutura Urbana ,,
29698,15,Urbanismo,451,Infraestrutura Urbana ,,
17248,12,Educação,366,Educação de Jovens e Adultos,,
29525,18,Gestão Ambiental,544,Recursos Hídricos,,
30357,8,Assistência Social,241,Assistência ao Idoso,,
19784,15,Urbanismo,452,Serviços Urbanos,,
29700,15,Urbanismo,451,Infraestrutura Urbana ,,
29701,15,Urbanismo,451,Infraestrutura Urbana ,,
29703,10,Saúde,301,Atenção Básica,,
29704,15,Urbanismo,451,Infraestrutura Urbana ,,
29705,15,Urbanismo,451,Infraestrutura Urbana ,,
29706,15,Urbanismo,451,Infraestrutura Urbana ,,
20549,27,Desporto e Lazer,812,Desporto Comunitário,,
173,15,Urbanismo,452,Serviços Urbanos,,
29707,15,Urbanismo,451,Infraestrutura Urbana ,,
29708,15,Urbanismo,451,Infraestrutura Urbana ,,
29709,15,Urbanismo,451,Infraestrutura Urbana ,,
29710,15,Urbanismo,451,Infraestrutura Urbana ,,
29711,20,Agricultura,608,Promoção da Produção Agropecuária,,
14041,15,Urbanismo,452,Serviços Urbanos,,
654,15,Urbanismo,451,Infraestrutura Urbana ,,
214,22,Indústria,662,Produção Industrial,,
215,13,Cultura,392,Difusão Cultural,,
216,15,Urbanismo,451,Infraestrutura Urbana ,,
217,20,Agricultura,608,Promoção da Produção Agropecuária,,
218,27,Desporto e Lazer,812,Desporto Comunitário,,
219,15,Urbanismo,451,Infraestrutura Urbana ,,
1313,10,Saúde,301,Atenção Básica,,
221,27,Desporto e Lazer,813,Lazer,,
222,23,Comércio e Serviços,695,Turismo,,
223,10,Saúde,301,Atenção Básica,,
224,8,Assistência Social,242,Assistência ao Portador de Deficiência,,
26078,15,Urbanismo,451,Infraestrutura Urbana ,,
224,13,Cultura,392,Difusão Cultural,,
29576,13,Cultura,392,Difusão Cultural,,
29663,15,Urbanismo,451,Infraestrutura Urbana ,,
29667,15,Urbanismo,451,Infraestrutura Urbana ,,
26210,15,Urbanismo,451,Infraestrutura Urbana ,,
226,20,Agricultura,606,Extensão Rural,,
227,8,Assistência Social,244,Assistência Comunitária,,
228,15,Urbanismo,452,Serviços Urbanos,,
14573,15,Urbanismo,452,Serviços Urbanos,,
14573,20,Agricultura,605,Abastecimento,,
229,15,Urbanismo,452,Serviços Urbanos,,
14573,26,Transporte,782,Transporte Rodoviário,,
28238,15,Urbanismo,451,Infraestrutura Urbana ,,
30881,15,Urbanismo,451,Infraestrutura Urbana ,,
19909,10,Saúde,301,Atenção Básica,,
230,15,Urbanismo,452,Serviços Urbanos,,
7537,15,Urbanismo,451,Infraestrutura Urbana ,,
28242,20,Agricultura,608,Promoção da Produção Agropecuária,,
28244,15,Urbanismo,451,Infraestrutura Urbana ,,
28245,15,Urbanismo,451,Infraestrutura Urbana ,,
231,8,Assistência Social,243,Assistência à Criança e ao Adolescente,,
232,15,Urbanismo,451,Infraestrutura Urbana ,,
233,6,Segurança Pública,182,Defesa Civil,,
234,15,Urbanismo,451,Infraestrutura Urbana ,,
234,15,Urbanismo,452,Serviços Urbanos,,
235,6,Segurança Pública,181,Policiamento,,
236,10,Saúde,302,Assistência Hospitalar e Ambulatorial,,
237,15,Urbanismo,451,Infraestrutura Urbana ,,
237,15,Urbanismo,452,Serviços Urbanos,,
237,26,Transporte,782,Transporte Rodoviário,,
19159,14,Direitos da Cidadania,421,Custódia e Reintegração Social,,
19488,18,Gestão Ambiental,541,Preservação e Conservação Ambiental,,
9260,25,Energia,752,Energia Elétrica,,
21441,20,Agricultura,608,Promoção da Produção Agropecuária,,
238,20,Agricultura,606,Extensão Rural,,
28767,15,Urbanismo,451,Infraestrutura Urbana ,,
28767,15,Urbanismo,453,Transportes Coletivos Urbanos,,
28767,25,Energia,753,Combustíveis Minerais,,
239,15,Urbanismo,451,Infraestrutura Urbana ,,
240,20,Agricultura,608,Promoção da Produção Agropecuária,,
241,27,Desporto e Lazer,812,Desporto Comunitário,,
21528,10,Saúde,302,Assistência Hospitalar e Ambulatorial,12571.0,
242,15,Urbanismo,451,Infraestrutura Urbana ,,
243,15,Urbanismo,451,Infraestrutura Urbana ,,
243,15,Urbanismo,452,Serviços Urbanos,,
243,15,Urbanismo,453,Transportes Coletivos Urbanos,,
244,15,Urbanismo,451,Infraestrutura Urbana ,,
245,15,Urbanismo,451,Infraestrutura Urbana ,,
246,20,Agricultura,605,Abastecimento,,
246,20,Agricultura,606,Extensão Rural,,
246,20,Agricultura,607,Irrigação,,
246,20,Agricultura,608,Promoção da Produção Agropecuária,,
246,20,Agricultura,609,Defesa Agropecuária,,
247,15,Urbanismo,451,Infraestrutura Urbana ,,
248,15,Urbanismo,451,Infraestrutura Urbana ,,
248,15,Urbanismo,452,Serviços Urbanos,,
248,15,Urbanismo,453,Transportes Coletivos Urbanos,,
249,15,Urbanismo,451,Infraestrutura Urbana ,,
250,6,Segurança Pública,181,Policiamento,,
250,6,Segurança Pública,182,Defesa Civil,,
250,6,Segurança Pública,183,Informação e Inteligência,,
251,15,Urbanismo,451,Infraestrutura Urbana ,,
252,15,Urbanismo,451,Infraestrutura Urbana ,,
10361,20,Agricultura,608,Promoção da Produção Agropecuária,,
24542,12,Educação,361,Ensino Fundamental,,
253,20,Agricultura,608,Promoção da Produção Agropecuária,,
29682,8,Assistência Social,244,Assistência Comunitária,,
254,15,Urbanismo,451,Infraestrutura Urbana ,,
255,15,Urbanismo,451,Infraestrutura Urbana ,,
256,15,Urbanismo,451,Infraestrutura Urbana ,,
256,15,Urbanismo,452,Serviços Urbanos,,
257,15,Urbanismo,451,Infraestrutura Urbana ,,
29684,10,Saúde,301,Atenção Básica,,
258,20,Agricultura,608,Promoção da Produção Agropecuária,,
26865,15,Urbanismo,451,Infraestrutura Urbana ,,
26869,12,Educação,363,Ensino Profissional,,
26869,12,Educação,365,Educação Infantil,,
26869,13,Cultura,391,"Patrimônio Histórico, Artístico e Arqueológico",,
26869,15,Urbanismo,451,Infraestrutura Urbana ,,
26869,20,Agricultura,608,Promoção da Produção Agropecuária,,
26869,23,Comércio e Serviços,695,Turismo,,
18489,15,Urbanismo,453,Transportes Coletivos Urbanos,,
26872,15,Urbanismo,451,Infraestrutura Urbana ,,
26874,10,Saúde,302,Assistência Hospitalar e Ambulatorial,,
26875,15,Urbanismo,451,Infraestrutura Urbana ,,
26876,15,Urbanismo,451,Infraestrutura Urbana ,,
1380,13,Cultura,392,Difusão Cultural,,
1380,27,Desporto e Lazer,813,Lazer,,
26879,15,Urbanismo,451,Infraestrutura Urbana ,,
27544,15,Urbanismo,451,Infraestrutura Urbana ,,
27552,15,Urbanismo,451,Infraestrutura Urbana ,,
26880,15,Urbanismo,451,Infraestrutura Urbana ,,
26881,10,Saúde,301,Atenção Básica,,
26881,15,Urbanismo,451,Infraestrutura Urbana ,,
26886,6,Segurança Pública,181,Policiamento,,
28236,15,Urbanismo,451,Infraestrutura Urbana ,,
28243,10,Saúde,301,Atenção Básica,,
28530,20,Agricultura,606,Extensão Rural,,
7542,15,Urbanismo,451,Infraestrutura Urbana ,,
28248,6,Segurança Pública,181,Policiamento,,
21337,15,Urbanismo,451,Infraestrutura Urbana ,,
4343,10,Saúde,301,Atenção Básica,,
28249,15,Urbanismo,451,Infraestrutura Urbana ,,
28250,20,Agricultura,605,Abastecimento,,
28250,20,Agricultura,606,Extensão Rural,,
28250,20,Agricultura,607,Irrigação,,
23640,6,Segurança Pública,181,Policiamento,,
1070,8,Assistência Social,244,Assistência Comunitária,,
12076,15,Urbanismo,452,Serviços Urbanos,,
21336,8,Assistência Social,244,Assistência Comunitária,,
1573,15,Urbanismo,452,Serviços Urbanos,19144.0,
28261,15,Urbanismo,451,Infraestrutura Urbana ,,
28262,19,Ciência e Tecnologia,571,Desenvolvimento Científico,,
28262,19,Ciência e Tecnologia,572,Desenvolvimento Tecnológico e Engenharia,,
28262,19,Ciência e Tecnologia,573,Difusão do Conhecimento Científico e Tecnológico,,
28262,20,Agricultura,605,Abastecimento,,
28262,20,Agricultura,606,Extensão Rural,,
28262,20,Agricultura,607,Irrigação,,
28262,20,Agricultura,608,Promoção da Produção Agropecuária,,
28262,20,Agricultura,609,Defesa Agropecuária,,
30882,27,Desporto e Lazer,813,Lazer,,
2672,6,Segurança Pública,181,Policiamento,,
28768,10,Saúde,302,Assistência Hospitalar e Ambulatorial,,
8221,15,Urbanismo,451,Infraestrutura Urbana ,,
28264,15,Urbanismo,451,Infraestrutura Urbana ,,
4908,25,Energia,752,Energia Elétrica,,
28265,15,Urbanismo,452,Serviços Urbanos,,
28269,15,Urbanismo,451,Infraestrutura Urbana ,,
2859,8,Assistência Social,244,Assistência Comunitária,,
5308,27,Desporto e Lazer,813,Lazer,,
29012,20,Agricultura,608,Promoção da Produção Agropecuária,,
29013,15,Urbanismo,451,Infraestrutura Urbana ,,
19909,12,Educação,365,Educação Infantil,,
18347,15,Urbanismo,451,Infraestrutura Urbana ,,
19372,13,Cultura,392,Difusão Cultural,,
1655,27,Desporto e Lazer,813,Lazer,,
20189,27,Desporto e Lazer,812,Desporto Comunitário,,
29016,15,Urbanismo,451,Infraestrutura Urbana ,,
1681,27,Desporto e Lazer,812,Desporto Comunitário,36516.0,
29020,15,Urbanismo,451,Infraestrutura Urbana ,,
29442,15,Urbanismo,452,Serviços Urbanos,,
31836,15,Urbanismo,451,Infraestrutura Urbana ,,
29664,10,Saúde,301,Atenção Básica,,
29668,15,Urbanismo,451,Infraestrutura Urbana ,,
1540,12,Educação,366,Educação de Jovens e Adultos,,
29685,10,Saúde,301,Atenção Básica,,
29690,15,Urbanismo,452,Serviços Urbanos,,
14660,20,Agricultura,608,Promoção da Produção Agropecuária,,
30357,15,Urbanismo,451,Infraestrutura Urbana ,,
17625,15,Urbanismo,452,Serviços Urbanos,,
17616,17,Saneamento,511,Saneamento Básico Rural,,
17616,23,Comércio e Serviços,691,Promoção Comercial,,
405,15,Urbanismo,452,Serviços Urbanos,,
30964,27,Desporto e Lazer,813,Lazer,,
23705,10,Saúde,301,Atenção Básica,,
20582,12,Educação,361,Ensino Fundamental,,
20582,12,Educação,365,Educação Infantil,,
20582,12,Educação,368,Educação Básica,,
4679,15,Urbanismo,452,Serviços Urbanos,,
259,15,Urbanismo,451,Infraestrutura Urbana ,,
12109,15,Urbanismo,452,Serviços Urbanos,,
26866,15,Urbanismo,451,Infraestrutura Urbana ,,
21450,10,Saúde,301,Atenção Básica,,
26870,13,Cultura,392,Difusão Cultural,,
26870,15,Urbanismo,451,Infraestrutura Urbana ,,
26870,15,Urbanismo,452,Serviços Urbanos,,
26870,15,Urbanismo,453,Transportes Coletivos Urbanos,,
31832,15,Urbanismo,451,Infraestrutura Urbana ,,
27170,15,Urbanismo,451,Infraestrutura Urbana ,,
27171,20,Agricultura,606,Extensão Rural,,
27546,15,Urbanismo,451,Infraestrutura Urbana ,,
28237,15,Urbanismo,451,Infraestrutura Urbana ,,
29007,27,Desporto e Lazer,812,Desporto Comunitário,,
28251,15,Urbanismo,451,Infraestrutura Urbana ,,
28531,15,Urbanismo,452,Serviços Urbanos,,
28252,15,Urbanismo,451,Infraestrutura Urbana ,,
23625,6,Segurança Pública,181,Policiamento,,
28253,10,Saúde,301,Atenção Básica,,
26870,23,Comércio e Serviços,695,Turismo,,
28253,12,Educação,361,Ensino Fundamental,,
28253,12,Educação,365,Educação Infantil,,
28253,12,Educação,368,Educação Básica,,
26877,18,Gestão Ambiental,541,Preservação e Conservação Ambiental,,
7666,12,Educação,365,Educação Infantil,,
26888,15,Urbanismo,451,Infraestrutura Urbana ,,
28253,13,Cultura,392,Difusão Cultural,,
14464,10,Saúde,301,Atenção Básica,,
9098,14,Direitos da Cidadania,423,Assistência aos Povos Indígenas,,
28254,10,Saúde,301,Atenção Básica,,
6134,8,Assistência Social,244,Assistência Comunitária,,
6134,12,Educação,365,Educação Infantil,,
24422,27,Desporto e Lazer,812,Desporto Comunitário,,
28256,15,Urbanismo,451,Infraestrutura Urbana ,,
18009,15,Urbanismo,452,Serviços Urbanos,,
28263,15,Urbanismo,451,Infraestrutura Urbana ,,
2672,8,Assistência Social,244,Assistência Comunitária,,
3257,23,Comércio e Serviços,695,Turismo,,
16133,17,Saneamento,511,Saneamento Básico Rural,,
16141,17,Saneamento,511,Saneamento Básico Rural,,
29015,15,Urbanismo,451,Infraestrutura Urbana ,,
29017,10,Saúde,301,Atenção Básica,,
26286,23,Comércio e Serviços,691,Promoção Comercial,,
24145,27,Desporto e Lazer,812,Desporto Comunitário,,
33294,6,Segurança Pública,181,Policiamento,,
29443,20,Agricultura,606,Extensão Rural,,
29444,15,Urbanismo,452,Serviços Urbanos,,
14682,20,Agricultura,608,Promoção da Produção Agropecuária,,
14693,20,Agricultura,608,Promoção da Produção Agropecuária,,
23791,15,Urbanismo,452,Serviços Urbanos,12223.0,
28174,15,Urbanismo,451,Infraestrutura Urbana ,,
30005,16,Habitação,482,Habitação Urbana,65927.0,
30006,10,Saúde,302,Assistência Hospitalar e Ambulatorial,33651.0,
30008,15,Urbanismo,451,Infraestrutura Urbana ,42521.0,
30009,15,Urbanismo,451,Infraestrutura Urbana ,35901.0,
14660,15,Urbanismo,451,Infraestrutura Urbana ,,
14693,15,Urbanismo,451,Infraestrutura Urbana ,,
30011,23,Comércio e Serviços,695,Turismo,,
30012,11,Trabalho,334,Fomento ao Trabalho,,
30013,14,Direitos da Cidadania,421,Custódia e Reintegração Social,,
29691,13,Cultura,392,Difusão Cultural,,
30014,20,Agricultura,608,Promoção da Produção Agropecuária,,
30015,15,Urbanismo,451,Infraestrutura Urbana ,,
30016,23,Comércio e Serviços,695,Turismo,,
30022,23,Comércio e Serviços,695,Turismo,,
464,8,Assistência Social,244,Assistência Comunitária,,
30023,15,Urbanismo,451,Infraestrutura Urbana ,,
2912,20,Agricultura,608,Promoção da Produção Agropecuária,,
30025,15,Urbanismo,451,Infraestrutura Urbana ,,
6448,13,Cultura,392,Difusão Cultural,,
30026,15,Urbanismo,451,Infraestrutura Urbana ,,
30883,15,Urbanismo,451,Infraestrutura Urbana ,,
16737,27,Desporto e Lazer,812,Desporto Comunitário,,
30027,27,Desporto e Lazer,812,Desporto Comunitário,,
30027,27,Desporto e Lazer,813,Lazer,,
30028,20,Agricultura,608,Promoção da Produção Agropecuária,,
30029,15,Urbanismo,451,Infraestrutura Urbana ,,
30030,10,Saúde,301,Atenção Básica,,
15894,25,Energia,752,Energia Elétrica,,
13973,15,Urbanismo,451,Infraestrutura Urbana ,,
14329,10,Saúde,302,Assistência Hospitalar e Ambulatorial,,
30032,15,Urbanismo,451,Infraestrutura Urbana ,,
30033,20,Agricultura,605,Abastecimento,,
30034,15,Urbanismo,452,Serviços Urbanos,,
30358,10,Saúde,301,Atenção Básica,,
30359,10,Saúde,301,Atenção Básica,,
30360,12,Educação,361,Ensino Fundamental,,
30360,27,Desporto e Lazer,812,Desporto Comunitário,,
27549,6,Segurança Pública,181,Policiamento,,
260,20,Agricultura,606,Extensão Rural,,
27549,6,Segurança Pública,182,Defesa Civil,,
28239,15,Urbanismo,451,Infraestrutura Urbana ,9937.0,
11793,15,Urbanismo,451,Infraestrutura Urbana ,,
261,15,Urbanismo,451,Infraestrutura Urbana ,,
28532,6,Segurança Pública,181,Policiamento,,
262,15,Urbanismo,451,Infraestrutura Urbana ,,
28255,10,Saúde,301,Atenção Básica,,
27549,8,Assistência Social,243,Assistência à Criança e ao Adolescente,,
263,15,Urbanismo,451,Infraestrutura Urbana ,,
263,15,Urbanismo,452,Serviços Urbanos,,
264,20,Agricultura,608,Promoção da Produção Agropecuária,,
265,12,Educação,361,Ensino Fundamental,,
30501,20,Agricultura,605,Abastecimento,,
30007,13,Cultura,391,"Patrimônio Histórico, Artístico e Arqueológico",36535.0,
14682,15,Urbanismo,451,Infraestrutura Urbana ,,
30010,10,Saúde,304,Vigilância Sanitária,32302.0,
30017,23,Comércio e Serviços,695,Turismo,,
30018,15,Urbanismo,451,Infraestrutura Urbana ,,
30024,15,Urbanismo,451,Infraestrutura Urbana ,,
13485,8,Assistência Social,244,Assistência Comunitária,,
12128,20,Agricultura,606,Extensão Rural,,
8302,8,Assistência Social,244,Assistência Comunitária,,
26867,15,Urbanismo,451,Infraestrutura Urbana ,,
26871,6,Segurança Pública,181,Policiamento,,
26878,10,Saúde,302,Assistência Hospitalar e Ambulatorial,,
27549,8,Assistência Social,244,Assistência Comunitária,,
267,20,Agricultura,606,Extensão Rural,,
28533,6,Segurança Pública,181,Policiamento,,
21588,20,Agricultura,608,Promoção da Produção Agropecuária,,
8622,20,Agricultura,608,Promoção da Produção Agropecuária,,
268,15,Urbanismo,451,Infraestrutura Urbana ,,
269,23,Comércio e Serviços,695,Turismo,,
30035,15,Urbanismo,452,Serviços Urbanos,,
9838,27,Desporto e Lazer,812,Desporto Comunitário,,
16521,8,Assistência Social,244,Assistência Comunitária,,
30361,15,Urbanismo,451,Infraestrutura Urbana ,,
270,20,Agricultura,606,Extensão Rural,,
270,20,Agricultura,607,Irrigação,,
18695,15,Urbanismo,451,Infraestrutura Urbana ,,
18695,17,Saneamento,511,Saneamento Básico Rural,,
271,15,Urbanismo,451,Infraestrutura Urbana ,,
272,6,Segurança Pública,183,Informação e Inteligência,,
27161,15,Urbanismo,451,Infraestrutura Urbana ,,
30965,26,Transporte,782,Transporte Rodoviário,,
273,15,Urbanismo,451,Infraestrutura Urbana ,,
